{
  "name": "Neo4jSinkConnector",
  "config": {
    "topics": "my-topic",
    "connector.class": "streams.kafka.connect.sink.Neo4jSinkConnector",
    "key.converter": "org.apache.kafka.connect.json.JsonConverter",
    "key.converter.schemas.enable": false,
    "value.converter": "org.apache.kafka.connect.json.JsonConverter",
    "value.converter.schemas.enable": false,
    "errors.retry.timeout": "-1",
    "errors.retry.delay.max.ms": "1000",
    "errors.tolerance": "all",
    "errors.log.enable": true,
    "errors.log.include.messages": true,
    "neo4j.server.uri": "bolt://neo4j:7687",
    "neo4j.authentication.basic.username": "neo4j",
    "neo4j.authentication.basic.password": "connect",
    "neo4j.encryption.enabled": false,
    "neo4j.topic.cypher.my-topic": "MERGE (p:Person{name: event.name, surname: event.surname}) MERGE (f:Family{name: event.surname}) MERGE (p)-[:BELONGS_TO]->(f)"
  }
}